tname,HomeRun
Seattle Mariners,264
Texas Rangers,260
Baltimore Orioles,257
Toronto Blue Jays,257
Baltimore Orioles,253
Houston Astros,249
Texas Rangers,246
Seattle Mariners,245
New York Yankees,245
Toronto Blue Jays,244
Seattle Mariners,244
New York Yankees,244
Oakland Athletics,243
New York Yankees,242
Chicago White Sox,242
New York Yankees,240
Oakland Athletics,239
Colorado Rockies,239
Texas Rangers,239
Boston Red Sox,238
Anaheim Angels,236
Chicago White Sox,236
St. Louis Cardinals,235
Oakland Athletics,235
San Francisco Giants,235
Chicago White Sox,235
Atlanta Braves,235
Chicago Cubs,235
Seattle Mariners,234
Toronto Blue Jays,232
Milwaukee Brewers,231
Texas Rangers,230
Texas Rangers,230
New York Yankees,230
Houston Astros,230
New York Yankees,229
Texas Rangers,227
San Francisco Giants,226
Minnesota Twins,225
Detroit Tigers,225
St. Louis Cardinals,225
Philadelphia Phillies,224
Texas Rangers,224
New York Yankees,223
Colorado Rockies,223
St. Louis Cardinals,223
Seattle Mariners,223
New York Yankees,222
Atlanta Braves,222
Cincinnati Reds,222
Boston Red Sox,222
Colorado Rockies,221
Toronto Blue Jays,221
Cleveland Indians,221
Texas Rangers,221
Minnesota Twins,221
Toronto Blue Jays,221
New York Giants,221
Cincinnati Redlegs,221
Cleveland Indians,220
Chicago White Sox,220
Cleveland Indians,218
New York Mets,218
Baltimore Orioles,217
Cincinnati Reds,217
Chicago White Sox,217
Arizona Diamondbacks,216
Philadelphia Phillies,216
Chicago White Sox,216
Milwaukee Brewers,216
Tampa Bay Rays,216
Texas Rangers,215
Philadelphia Phillies,215
Atlanta Braves,215
Toronto Blue Jays,215
Baltimore Orioles,214
Baltimore Orioles,214
Philadelphia Phillies,214
Baltimore Orioles,214
St. Louis Cardinals,214
Chicago White Sox,214
Philadelphia Phillies,213
Colorado Rockies,213
Boston Red Sox,213
Cleveland Indians,212
Toronto Blue Jays,212
Chicago Cubs,212
Detroit Tigers,212
Boston Red Sox,212
New York Yankees,212
Baltimore Orioles,212
Chicago White Sox,211
Detroit Tigers,211
Baltimore Orioles,211
Baltimore Orioles,211
Los Angeles Dodgers,211
Boston Red Sox,211
New York Yankees,210
Texas Rangers,210
Cleveland Indians,209
Cincinnati Reds,209
Toronto Blue Jays,209
Detroit Tigers,209
Boston Red Sox,209
Milwaukee Brewers,209
Detroit Tigers,209
Chicago Cubs,209
Brooklyn Dodgers,208
Boston Red Sox,208
Houston Astros,208
Florida Marlins,208
Arizona Diamondbacks,208
New York Yankees,207
Cleveland Indians,207
Cleveland Indians,207
Atlanta Braves,207
Atlanta Braves,206
Los Angeles Dodgers,206
Oakland Athletics,205
New York Yankees,205
Boston Red Sox,205
San Francisco Giants,205
San Francisco Giants,204
Cincinnati Reds,204
Detroit Tigers,204
Colorado Rockies,204
Washington Nationals,203
Milwaukee Brewers,203
Boston Red Sox,203
Baltimore Orioles,203
Los Angeles Dodgers,203
New York Yankees,203
Boston Red Sox,203
Detroit Tigers,203
Colorado Rockies,202
Milwaukee Brewers,202
Detroit Tigers,202
Brooklyn Dodgers,201
Texas Rangers,201
New York Yankees,201
Florida Marlins,201
Detroit Tigers,201
New York Yankees,201
Chicago White Sox,200
Colorado Rockies,200
Detroit Tigers,200
Cincinnati Reds,200
Chicago Cubs,200
New York Mets,200
Minnesota Twins,200
Texas Rangers,200
Chicago Cubs,199
New York Yankees,199
Oakland Athletics,199
Milwaukee Braves,199
Toronto Blue Jays,199
Boston Red Sox,199
Tampa Bay Rays,199
Oakland Athletics,199
St. Louis Cardinals,199
Cleveland Indians,198
New York Mets,198
Chicago White Sox,198
Milwaukee Brewers,198
Seattle Mariners,198
Colorado Rockies,198
Boston Red Sox,198
San Francisco Giants,198
Seattle Mariners,198
Houston Astros,198
Toronto Blue Jays,198
Detroit Tigers,198
Boston Red Sox,197
San Francisco Giants,197
Atlanta Braves,197
Atlanta Braves,197
Oakland Athletics,197
Baltimore Orioles,196
St. Louis Cardinals,196
Cleveland Indians,196
Milwaukee Brewers,196
Minnesota Twins,196
Minnesota Twins,196
Milwaukee Braves,196
New York Yankees,196
Oakland Athletics,195
Toronto Blue Jays,195
Chicago White Sox,195
Texas Rangers,194
St. Louis Cardinals,194
Cincinnati Reds,194
Chicago Cubs,194
Chicago Cubs,194
Boston Red Sox,194
Texas Rangers,194
Washington Nationals,194
Milwaukee Brewers,194
Brooklyn Dodgers,194
New York Yankees,193
New York Yankees,193
New York Mets,192
Chicago White Sox,192
Cincinnati Reds,192
California Angels,192
Cleveland Indians,192
Boston Red Sox,192
Houston Astros,191
Arizona Diamondbacks,191
Baltimore Orioles,191
Minnesota Twins,191
Cincinnati Reds,191
Los Angeles Dodgers,191
Cincinnati Reds,191
New York Yankees,190
Chicago White Sox,190
Colorado Rockies,190
Toronto Blue Jays,190
Tampa Bay Devil Rays,190
Arizona Diamondbacks,190
Los Angeles Dodgers,189
Los Angeles Angels,189
New York Yankees,189
Chicago Cubs,189
Oakland Athletics,189
Baltimore Orioles,189
Cincinnati Reds,188
San Francisco Giants,188
Seattle Mariners,188
Milwaukee Braves,188
New York Yankees,188
New York Yankees,188
Cleveland Indians,187
Detroit Tigers,187
Cincinnati Redlegs,187
Tampa Bay Devil Rays,187
Houston Astros,187
Texas Rangers,187
Cincinnati Reds,187
Los Angeles Dodgers,187
Toronto Blue Jays,187
Los Angeles Dodgers,187
Los Angeles Angels of Anaheim,187
Colorado Rockies,186
Colorado Rockies,186
Oakland Athletics,186
Toronto Blue Jays,186
Philadelphia Phillies,186
Boston Red Sox,186
California Angels,186
Brooklyn Dodgers,186
New York Giants,186
California Angels,186
Boston Red Sox,185
New York Mets,185
Milwaukee Brewers,185
Toronto Blue Jays,185
Cleveland Indians,185
Detroit Tigers,185
Minnesota Twins,185
Milwaukee Brewers,185
New York Yankees,184
Texas Rangers,184
St. Louis Cardinals,184
Atlanta Braves,184
Chicago Cubs,184
Baltimore Orioles,184
Chicago White Sox,184
Cleveland Indians,184
Brooklyn Dodgers,184
New York Yankees,183
Los Angeles Dodgers,183
San Francisco Giants,183
Cleveland Indians,183
Cincinnati Reds,183
Cincinnati Reds,183
Detroit Tigers,183
Chicago Cubs,183
San Francisco Giants,183
Colorado Rockies,183
Texas Rangers,183
Florida Marlins,182
Detroit Tigers,182
Seattle Mariners,182
Milwaukee Brewers,182
Cincinnati Reds,182
Milwaukee Brewers,182
Chicago Cubs,182
Milwaukee Braves,182
New York Yankees,182
Detroit Tigers,182
Baltimore Orioles,181
Cincinnati Reds,181
Milwaukee Braves,181
Toronto Blue Jays,181
San Francisco Giants,181
Boston Red Sox,181
Atlanta Braves,181
Texas Rangers,181
New York Mets,181
Cincinnati Redlegs,181
Cleveland Indians,180
Detroit Tigers,180
New York Yankees,180
Arizona Diamondbacks,180
Tampa Bay Rays,180
San Francisco Giants,180
Milwaukee Brewers,180
Texas Rangers,179
Atlanta Braves,179
Arizona Diamondbacks,179
Brooklyn Dodgers,179
New York Giants,179
Baltimore Orioles,179
Detroit Tigers,179
Baltimore Orioles,179
Detroit Tigers,179
Chicago Cubs,179
Boston Red Sox,178
New York Yankees,178
Milwaukee Brewers,178
Cleveland Indians,178
Montreal Expos,178
Detroit Tigers,178
Atlanta Braves,178
Detroit Tigers,177
Texas Rangers,177
Chicago White Sox,177
Toronto Blue Jays,177
New York Mets,177
Milwaukee Brewers,177
Detroit Tigers,177
Boston Red Sox,177
Detroit Tigers,177
Milwaukee Braves,177
San Diego Padres,177
Washington Nationals,177
Toronto Blue Jays,177
New York Mets,177
Milwaukee Braves,177
New York Giants,176
Detroit Tigers,176
Cincinnati Reds,176
Boston Red Sox,176
Atlanta Braves,176
Oakland Athletics,176
Chicago Cubs,176
New York Yankees,176
Texas Rangers,176
Los Angeles Angels of Anaheim,176
Detroit Tigers,176
Tampa Bay Rays,175
New York Yankees,175
Oakland Athletics,175
Chicago Cubs,175
Milwaukee Brewers,175
St. Louis Cardinals,175
New York Mets,175
Boston Red Sox,175
Baltimore Orioles,175
Baltimore Orioles,175
Boston Red Sox,174
New York Yankees,174
New York Yankees,174
St. Louis Cardinals,174
Atlanta Braves,174
Atlanta Braves,174
Houston Astros,174
Los Angeles Dodgers,174
Los Angeles Angels of Anaheim,173
Baltimore Orioles,173
Atlanta Braves,173
Texas Rangers,173
Boston Red Sox,173
Arizona Diamondbacks,173
Colorado Rockies,173
Chicago White Sox,173
Milwaukee Brewers,173
Chicago White Sox,172
California Angels,172
Boston Red Sox,172
San Diego Padres,172
Cincinnati Reds,172
Tampa Bay Rays,172
Chicago Cubs,172
Texas Rangers,172
Detroit Tigers,172
Baltimore Orioles,172
Chicago Cubs,172
Minnesota Twins,172
Arizona Diamondbacks,172
New York Mets,172
San Francisco Giants,172
New York Mets,172
Seattle Mariners,172
Montreal Expos,172
Los Angeles Dodgers,172
Philadelphia Athletics,172
Chicago Cubs,171
Cincinnati Reds,171
Boston Red Sox,171
Seattle Mariners,171
Oakland Athletics,171
Cleveland Indians,171
Chicago Cubs,171
Oakland Athletics,171
San Diego Padres,171
Cleveland Indians,171
Pittsburgh Pirates,171
Colorado Rockies,171
Arizona Diamondbacks,171
Baltimore Orioles,170
St. Louis Cardinals,170
San Francisco Giants,170
Milwaukee Braves,170
Pittsburgh Pirates,170
Oakland Athletics,169
Detroit Tigers,169
Oakland Athletics,169
Atlanta Braves,169
Baltimore Orioles,169
Seattle Mariners,169
Cincinnati Reds,169
New York Giants,169
Baltimore Orioles,169
Philadelphia Phillies,169
Cleveland Indians,169
Kansas City Royals,168
Baltimore Orioles,168
Chicago White Sox,168
Atlanta Braves,168
Houston Astros,168
Detroit Tigers,168
Pittsburgh Pirates,168
San Francisco Giants,168
Philadelphia Phillies,167
San Diego Padres,167
Toronto Blue Jays,167
Houston Astros,167
Houston Astros,167
Cleveland Indians,167
Houston Astros,167
Minnesota Twins,167
Boston Red Sox,167
Toronto Blue Jays,167
Cleveland Indians,167
California Angels,167
Minnesota Twins,167
San Francisco Giants,167
Cincinnati Reds,167
Cincinnati Reds,167
Tampa Bay Rays,167
Milwaukee Braves,167
Cincinnati Reds,166
Kansas City Athletics,166
New York Yankees,166
Chicago Cubs,166
Boston Red Sox,166
Philadelphia Phillies,166
Houston Astros,166
Philadelphia Phillies,166
Florida Marlins,166
Kansas City Athletics,166
Detroit Tigers,166
Colorado Rockies,166
Tampa Bay Rays,165
Arizona Diamondbacks,165
Boston Red Sox,165
Toronto Blue Jays,165
Milwaukee Brewers,165
Baltimore Orioles,165
Detroit Tigers,165
Arizona Diamondbacks,165
Philadelphia Phillies,165
San Francisco Giants,165
Boston Red Sox,165
San Francisco Giants,165
California Angels,164
Cleveland Indians,164
Detroit Tigers,164
Chicago Cubs,164
New York Yankees,164
Cleveland Indians,164
New York Giants,164
Cincinnati Reds,164
Los Angeles Angels of Anaheim,164
Minnesota Twins,164
Cincinnati Reds,164
Baltimore Orioles,164
Philadelphia Phillies,164
Atlanta Braves,164
Washington Nationals,164
Oakland Athletics,164
Colorado Rockies,163
San Francisco Giants,163
Pittsburgh Pirates,163
Montreal Expos,163
New York Yankees,163
Toronto Blue Jays,163
Minnesota Twins,163
Oakland Athletics,163
Milwaukee Brewers,163
Washington Senators,163
Chicago Cubs,163
Houston Astros,163
Detroit Tigers,163
St. Louis Cardinals,162
Chicago White Sox,162
Kansas City Royals,162
New York Yankees,162
Montreal Expos,162
Texas Rangers,162
San Francisco Giants,162
Tampa Bay Devil Rays,162
Atlanta Braves,162
Chicago White Sox,162
Anaheim Angels,162
New York Yankees,162
New York Yankees,162
Baltimore Orioles,162
Boston Red Sox,162
Detroit Tigers,162
Boston Red Sox,162
San Francisco Giants,161
Boston Red Sox,161
New York Yankees,161
Seattle Mariners,161
Philadelphia Phillies,161
Boston Red Sox,161
Washington Nationals,161
Pittsburgh Pirates,161
Cleveland Indians,161
Colorado Rockies,161
Anaheim Angels,161
Philadelphia Phillies,161
Pittsburgh Pirates,161
San Diego Padres,161
Cincinnati Reds,161
Detroit Tigers,161
Chicago Cubs,161
San Diego Padres,161
Houston Astros,161
New York Yankees,161
Seattle Mariners,161
Chicago Cubs,161
San Francisco Giants,161
Cincinnati Redlegs,161
Cleveland Indians,161
Chicago Cubs,161
Boston Red Sox,161
Cleveland Indians,160
New York Yankees,160
Atlanta Braves,160
Oakland Athletics,160
Baltimore Orioles,160
Detroit Tigers,160
Tampa Bay Rays,160
Baltimore Orioles,160
New York Mets,160
St. Louis Cardinals,160
Seattle Mariners,160
Florida Marlins,160
Arizona Diamondbacks,160
Colorado Rockies,160
Los Angeles Dodgers,159
Arizona Diamondbacks,159
Toronto Blue Jays,159
Arizona Diamondbacks,159
Texas Rangers,159
Florida Marlins,159
Chicago Cubs,159
Oakland Athletics,159
Detroit Tigers,159
Los Angeles Angels of Anaheim,159
Los Angeles Angels of Anaheim,159
Colorado Rockies,159
St. Louis Cardinals,159
New York Yankees,159
Chicago Cubs,159
San Francisco Giants,159
Milwaukee Braves,159
Atlanta Braves,158
Seattle Mariners,158
Cleveland Indians,158
Pittsburgh Pirates,158
Boston Red Sox,158
Cincinnati Reds,158
Toronto Blue Jays,158
Oakland Athletics,158
Baltimore Orioles,158
Oakland Athletics,158
Chicago White Sox,158
Cincinnati Reds,158
Toronto Blue Jays,158
Cleveland Indians,158
New York Mets,158
Kansas City Royals,158
Anaheim Angels,158
Anaheim Angels,158
Chicago Cubs,158
Philadelphia Phillies,158
New York Yankees,158
New York Giants,157
Detroit Tigers,157
Cleveland Indians,157
Detroit Tigers,157
Los Angeles Dodgers,157
Chicago White Sox,157
Florida Marlins,157
Baltimore Orioles,157
Colorado Rockies,157
San Diego Padres,157
Tampa Bay Devil Rays,157
Milwaukee Brewers,157
Chicago Cubs,157
Minnesota Twins,156
Pittsburgh Pirates,156
Los Angeles Angels of Anaheim,156
Cleveland Indians,156
Pittsburgh Pirates,156
Milwaukee Braves,156
Cleveland Indians,156
Detroit Tigers,156
Baltimore Orioles,156
Baltimore Orioles,156
Oakland Athletics,156
Philadelphia Phillies,156
Washington Nationals,156
Oakland Athletics,155
Los Angeles Angels of Anaheim,155
Minnesota Twins,155
Los Angeles Dodgers,155
Los Angeles Angels of Anaheim,155
Chicago White Sox,155
Detroit Tigers,155
Cincinnati Reds,155
Los Angeles Angels of Anaheim,155
New York Yankees,155
Boston Red Sox,155
New York Yankees,155
Cleveland Indians,155
Oakland Athletics,155
Chicago Cubs,155
Cleveland Indians,155
Philadelphia Phillies,154
Pittsburgh Pirates,154
Kansas City Royals,154
Pittsburgh Pirates,154
Baltimore Orioles,154
California Angels,154
Chicago White Sox,154
San Diego Padres,154
Cleveland Indians,154
Arizona Diamondbacks,154
Washington Nationals,154
Pittsburgh Pirates,153
Philadelphia Phillies,153
Cleveland Indians,153
Minnesota Twins,153
New York Yankees,153
Atlanta Braves,153
California Angels,153
New York Yankees,153
San Diego Padres,153
Seattle Mariners,153
New York Mets,153
Pittsburgh Pirates,153
San Diego Padres,153
San Francisco Giants,153
Los Angeles Dodgers,153
Seattle Mariners,153
Detroit Tigers,153
Brooklyn Dodgers,153
Philadelphia Phillies,153
Boston Red Sox,153
Cleveland Indians,153
New York Yankees,152
Brooklyn Dodgers,152
Washington Nationals,152
Detroit Tigers,152
Atlanta Braves,152
Arizona Diamondbacks,152
Baltimore Orioles,152
San Francisco Giants,152
Seattle Mariners,152
Colorado Rockies,152
Anaheim Angels,152
Kansas City Royals,152
Milwaukee Brewers,152
New York Mets,152
San Francisco Giants,152
San Diego Padres,152
Florida Marlins,152
Detroit Tigers,152
Minnesota Twins,151
Montreal Expos,151
Chicago Cubs,151
Kansas City Royals,151
New York Yankees,151
New York Giants,151
Detroit Tigers,151
Minnesota Twins,151
Oakland Athletics,151
New York Yankees,150
Cleveland Indians,150
Detroit Tigers,150
California Angels,150
Chicago Cubs,150
San Francisco Giants,150
Minnesota Twins,150
Los Angeles Dodgers,150
Florida Marlins,150
Anaheim Angels,150
St. Louis Cardinals,150
Kansas City Royals,150
Colorado Rockies,150
Kansas City Royals,150
Detroit Tigers,150
Detroit Tigers,150
Milwaukee Brewers,150
Seattle Mariners,149
Florida Marlins,149
Atlanta Braves,149
Baltimore Orioles,149
New York Yankees,149
Cincinnati Reds,149
Los Angeles Dodgers,149
Oakland Athletics,149
Oakland Athletics,149
Seattle Mariners,149
Atlanta Braves,149
Los Angeles Dodgers,149
Chicago Cubs,149
Washington Nationals,149
Florida Marlins,148
Montreal Expos,148
Chicago Cubs,148
New York Yankees,148
Seattle Mariners,148
Pittsburgh Pirates,148
Baltimore Orioles,148
San Diego Padres,148
Houston Astros,148
Chicago White Sox,148
Detroit Tigers,148
Detroit Tigers,148
New York Mets,148
Los Angeles Dodgers,148
Los Angeles Dodgers,148
Baltimore Orioles,148
Washington Senators,148
Minnesota Twins,148
Oakland Athletics,148
Pittsburgh Pirates,148
Boston Braves,148
Cleveland Indians,148
Cleveland Indians,148
Cincinnati Redlegs,147
Chicago Cubs,147
New York Giants,147
Brooklyn Dodgers,147
New York Mets,147
Los Angeles Angels of Anaheim,147
Anaheim Angels,147
New York Mets,147
San Diego Padres,147
California Angels,147
New York Yankees,147
New York Mets,147
Montreal Expos,147
Toronto Blue Jays,147
New York Yankees,147
New York Yankees,147
Kansas City Royals,147
Boston Red Sox,147
Philadelphia Phillies,147
Oakland Athletics,147
Washington Senators,147
Los Angeles Dodgers,146
Chicago White Sox,146
Kansas City Royals,146
Baltimore Orioles,146
Atlanta Braves,146
Milwaukee Brewers,146
Boston Red Sox,146
Chicago White Sox,146
Florida Marlins,146
Houston Astros,146
Oakland Athletics,146
San Diego Padres,146
Oakland Athletics,146
Milwaukee Brewers,145
Boston Red Sox,145
New York Yankees,145
New York Giants,145
Milwaukee Brewers,145
Chicago Cubs,145
Boston Red Sox,145
Toronto Blue Jays,145
Los Angeles Dodgers,145
California Angels,145
Tampa Bay Devil Rays,145
Tampa Bay Devil Rays,145
St. Louis Cardinals,144
Florida Marlins,144
Kansas City Royals,144
Philadelphia Phillies,144
Montreal Expos,144
New York Yankees,144
Philadelphia Athletics,144
New York Yankees,144
Cincinnati Reds,144
Atlanta Braves,144
Minnesota Twins,144
Atlanta Braves,144
Boston Red Sox,144
Philadelphia Phillies,144
Detroit Tigers,143
Toronto Blue Jays,143
Montreal Expos,143
Minnesota Twins,143
Detroit Tigers,143
St. Louis Cardinals,143
New York Giants,143
New York Yankees,142
Chicago Cubs,142
Chicago White Stockings,142
Boston Red Sox,142
Chicago Cubs,142
San Francisco Giants,142
Philadelphia Phillies,142
Cleveland Indians,142
Pittsburgh Pirates,142
Oakland Athletics,142
Colorado Rockies,142
Toronto Blue Jays,142
Minnesota Twins,142
Houston Astros,142
St. Louis Cardinals,142
Cincinnati Reds,142
Pittsburgh Pirates,142
Baltimore Orioles,142
St. Louis Cardinals,141
San Francisco Giants,141
Atlanta Braves,141
Cleveland Indians,141
San Diego Padres,141
San Francisco Giants,141
Pittsburgh Pirates,141
Minnesota Twins,141
Atlanta Braves,141
Minnesota Twins,141
Philadelphia Phillies,141
Cincinnati Reds,141
Cleveland Indians,141
Philadelphia Phillies,140
Pittsburgh Pirates,140
St. Louis Cardinals,140
New York Yankees,140
Cleveland Indians,140
Cleveland Indians,140
Minnesota Twins,140
Los Angeles Dodgers,140
Toronto Blue Jays,140
Kansas City Royals,140
Cincinnati Reds,140
Texas Rangers,140
Chicago Cubs,140
Chicago Cubs,140
San Francisco Giants,140
San Francisco Giants,140
Los Angeles Dodgers,140
Milwaukee Braves,139
Atlanta Braves,139
New York Mets,139
Los Angeles Dodgers,139
Kansas City Royals,139
New York Mets,139
Philadelphia Athletics,139
Milwaukee Braves,139
New York Yankees,139
Chicago Cubs,139
New York Yankees,139
Boston Red Sox,139
Atlanta Braves,139
San Diego Padres,139
New York Yankees,139
Chicago White Sox,139
Pittsburgh Pirates,139
Milwaukee Brewers,139
Detroit Tigers,139
Seattle Mariners,139
Baltimore Orioles,139
Atlanta Braves,138
Cincinnati Reds,138
Pittsburgh Pirates,138
Houston Astros,138
Pittsburgh Pirates,138
Texas Rangers,138
Montreal Expos,138
Cincinnati Reds,138
Atlanta Braves,138
Chicago White Sox,138
Chicago White Sox,138
Pittsburgh Pirates,138
Baltimore Orioles,138
Cleveland Indians,138
Washington Senators,138
Washington Senators,138
Los Angeles Dodgers,138
St. Louis Cardinals,138
Los Angeles Dodgers,138
Pittsburgh Pirates,138
Kansas City Athletics,138
Detroit Tigers,137
Chicago Cubs,137
Pittsburgh Pirates,137
Boston Red Sox,137
Tampa Bay Devil Rays,137
Atlanta Braves,137
Los Angeles Dodgers,137
Cincinnati Reds,137
Kansas City Royals,137
Philadelphia Phillies,137
Cincinnati Reds,137
Baltimore Orioles,137
St. Louis Cardinals,137
Los Angeles Angels,137
Oakland Athletics,137
St. Louis Cardinals,137
Chicago Cubs,137
Miami Marlins,137
San Francisco Giants,136
Cleveland Indians,136
Chicago White Sox,136
Seattle Mariners,136
New York Giants,136
New York Yankees,136
Toronto Blue Jays,136
New York Mets,136
Chicago Cubs,136
Baltimore Orioles,136
Florida Marlins,136
San Diego Padres,136
Seattle Mariners,136
Chicago White Sox,136
San Diego Padres,136
Chicago Cubs,136
Washington Senators,136
Montreal Expos,136
San Francisco Giants,136
Cincinnati Reds,136
Boston Red Sox,136
Texas Rangers,135
Chicago White Sox,135
Chicago Cubs,135
Cincinnati Reds,135
New York Yankees,135
Oakland Athletics,135
San Diego Padres,135
Milwaukee Brewers,135
Arizona Diamondbacks,135
Milwaukee Brewers,135
Kansas City Royals,134
Cleveland Indians,134
Minnesota Twins,134
Seattle Mariners,134
Los Angeles Dodgers,134
Houston Astros,134
Houston Astros,134
New York Mets,134
Texas Rangers,134
Pittsburgh Pirates,134
San Francisco Giants,134
Philadelphia Phillies,134
Chicago Cubs,134
Boston Red Sox,134
Boston Red Sox,134
Oakland Athletics,134
Detroit Tigers,134
New York Yankees,134
Pittsburgh Pirates,134
New York Giants,133
New York Yankees,133
New York Yankees,133
Baltimore Orioles,133
Tampa Bay Devil Rays,133
Houston Astros,133
Toronto Blue Jays,133
Pittsburgh Pirates,133
Baltimore Orioles,133
Seattle Mariners,133
Philadelphia Phillies,133
San Francisco Giants,133
Montreal Expos,133
Chicago Cubs,133
Texas Rangers,132
Kansas City Royals,132
Milwaukee Brewers,132
Seattle Mariners,132
Oakland Athletics,132
Washington Senators,132
Cincinnati Reds,132
San Francisco Giants,132
St. Louis Cardinals,132
Philadelphia Phillies,132
Minnesota Twins,132
Chicago White Sox,132
Baltimore Orioles,132
Philadelphia Phillies,132
San Diego Padres,132
San Francisco Giants,131
Montreal Expos,131
Cleveland Indians,131
Cleveland Indians,131
Detroit Tigers,131
California Angels,131
Minnesota Twins,131
New York Yankees,131
Pittsburgh Pirates,131
Minnesota Twins,131
Cincinnati Reds,131
Kansas City Royals,131
Boston Red Sox,131
Detroit Tigers,130
Boston Braves,130
Seattle Mariners,130
New York Yankees,130
Atlanta Braves,130
Los Angeles Dodgers,130
San Diego Padres,130
Atlanta Braves,130
New York Yankees,130
Pittsburgh Pirates,130
Los Angeles Dodgers,130
Cincinnati Reds,130
San Francisco Giants,130
Philadelphia Phillies,130
Seattle Mariners,130
Chicago Cubs,130
Arizona Diamondbacks,130
Philadelphia Phillies,130
San Francisco Giants,130
New York Mets,130
Kansas City Royals,129
New York Yankees,129
Houston Astros,129
Los Angeles Dodgers,129
Pittsburgh Pirates,129
Los Angeles Dodgers,129
Baltimore Orioles,129
Texas Rangers,129
Houston Astros,129
Los Angeles Dodgers,129
Seattle Mariners,129
Detroit Tigers,129
Chicago Cubs,128
Chicago Cubs,128
Pittsburgh Pirates,128
St. Louis Cardinals,128
Minnesota Twins,128
Miami Marlins,128
Chicago White Sox,128
Atlanta Braves,128
Milwaukee Brewers,128
San Francisco Giants,128
San Diego Padres,128
Milwaukee Brewers,128
New York Mets,128
Florida Marlins,128
Florida Marlins,128
Cincinnati Reds,128
Cleveland Indians,128
Chicago Cubs,127
Oakland Athletics,127
Cleveland Indians,127
Cleveland Indians,127
Chicago White Sox,127
Chicago Cubs,127
Cleveland Indians,127
Milwaukee Brewers,127
Boston Red Sox,127
Philadelphia Phillies,126
New York Giants,126
Pittsburgh Pirates,126
Milwaukee Brewers,126
Boston Red Sox,126
Toronto Blue Jays,126
Pittsburgh Pirates,126
Pittsburgh Pirates,126
Seattle Mariners,126
Philadelphia Phillies,126
Kansas City Royals,126
Atlanta Braves,126
Chicago Cubs,126
Philadelphia Phillies,126
Atlanta Braves,126
Los Angeles Dodgers,126
Toronto Blue Jays,126
Milwaukee Brewers,126
Washington Senators,126
Los Angeles Dodgers,125
Milwaukee Brewers,125
Detroit Tigers,125
Montreal Expos,125
Boston Red Sox,125
New York Yankees,125
San Francisco Giants,125
Philadelphia Phillies,125
Seattle Pilots,125
Baltimore Orioles,125
Chicago White Sox,125
Houston Astros,125
Washington Senators,125
Montreal Expos,125
Philadelphia Phillies,125
St. Louis Cardinals,125
Philadelphia Phillies,125
New York Mets,125
Philadelphia Athletics,125
Boston Red Sox,125
Philadelphia Phillies,125
New York Giants,125
New York Mets,125
Kansas City Royals,125
Oakland Athletics,125
Cincinnati Reds,125
Milwaukee Brewers,125
Pittsburgh Pirates,125
Pittsburgh Pirates,125
Colorado Rockies,125
Chicago Cubs,124
Texas Rangers,124
Seattle Mariners,124
Kansas City Royals,124
California Angels,124
New York Mets,124
Detroit Tigers,124
Los Angeles Dodgers,124
Cincinnati Reds,124
Boston Red Sox,124
Boston Red Sox,124
Cincinnati Reds,124
Boston Red Sox,124
Washington Senators,124
Texas Rangers,124
Cincinnati Reds,124
Baltimore Orioles,124
Philadelphia Phillies,124
St. Louis Cardinals,124
Boston Red Sox,124
Detroit Tigers,124
Boston Red Sox,124
Boston Red Sox,123
New York Giants,123
Cleveland Indians,123
Cincinnati Redlegs,123
Boston Red Sox,123
Atlanta Braves,123
Philadelphia Phillies,123
Washington Nationals,123
Kansas City Royals,123
Los Angeles Angels of Anaheim,123
San Francisco Giants,123
San Diego Padres,123
Atlanta Braves,123
Minnesota Twins,123
Chicago White Sox,123
Philadelphia Phillies,123
Cleveland Indians,123
Baltimore Orioles,123
California Angels,122
Houston Astros,122
Detroit Tigers,122
Cincinnati Reds,122
Brooklyn Robins,122
Philadelphia Phillies,122
Philadelphia Phillies,122
Philadelphia Athletics,122
Atlanta Braves,122
Miami Marlins,122
Texas Rangers,122
San Francisco Giants,122
Cincinnati Reds,122
New York Yankees,122
Montreal Expos,122
Kansas City Royals,121
San Diego Padres,121
Chicago White Sox,121
Kansas City Royals,121
Tampa Bay Devil Rays,121
Minnesota Twins,121
Pittsburgh Pirates,121
Pittsburgh Pirates,121
Chicago White Sox,121
Houston Astros,121
Oakland Athletics,121
Montreal Expos,121
Minnesota Twins,121
New York Yankees,121
Philadelphia Phillies,121
Washington Senators,121
New York Giants,121
Kansas City Athletics,121
Boston Red Sox,121
San Francisco Giants,121
San Diego Padres,121
Miami Marlins,120
California Angels,120
San Diego Padres,120
Minnesota Twins,120
Boston Red Sox,120
Houston Astros,120
Los Angeles Dodgers,120
Kansas City Royals,120
Atlanta Braves,120
Pittsburgh Pirates,120
Minnesota Twins,120
New York Yankees,120
New York Mets,120
Texas Rangers,120
Montreal Expos,120
San Diego Padres,120
Milwaukee Brewers,120
Philadelphia Phillies,119
Cleveland Indians,119
Washington Senators,119
Pittsburgh Pirates,119
Baltimore Orioles,119
Baltimore Orioles,119
Chicago Cubs,119
Kansas City Royals,119
St. Louis Cardinals,119
St. Louis Cardinals,119
New York Giants,118
St. Louis Browns,118
Philadelphia Athletics,118
Arizona Diamondbacks,118
Los Angeles Dodgers,118
Kansas City Royals,118
St. Louis Cardinals,118
Montreal Expos,118
Montreal Expos,118
Minnesota Twins,118
Minnesota Twins,118
Philadelphia Phillies,118
St. Louis Cardinals,118
Washington Nationals,117
Kansas City Royals,117
Minnesota Twins,117
Washington Nationals,117
New York Mets,117
New York Mets,117
St. Louis Browns,117
Philadelphia Phillies,117
Tampa Bay Rays,117
Los Angeles Dodgers,117
Kansas City Athletics,117
Kansas City Royals,117
Philadelphia Phillies,117
Oakland Athletics,117
San Francisco Giants,117
Chicago Cubs,117
Philadelphia Phillies,117
Cleveland Indians,116
Kansas City Royals,116
Minnesota Twins,116
Kansas City Athletics,116
Pittsburgh Pirates,116
Baltimore Orioles,116
San Diego Padres,116
Milwaukee Brewers,116
Detroit Tigers,116
Philadelphia Phillies,116
Minnesota Twins,116
Philadelphia Athletics,116
Chicago White Sox,116
Detroit Tigers,116
New York Giants,116
Philadelphia Phillies,116
New York Giants,116
Los Angeles Dodgers,116
San Francisco Giants,115
Texas Rangers,115
Washington Senators,115
Pittsburgh Pirates,115
St. Louis Cardinals,115
Kansas City Royals,115
Toronto Blue Jays,115
Los Angeles Dodgers,115
California Angels,115
Minnesota Twins,115
St. Louis Cardinals,115
Philadelphia Phillies,115
New York Yankees,115
New York Yankees,115
New York Yankees,115
New York Giants,114
New York Giants,114
Detroit Tigers,114
Oakland Athletics,114
Cincinnati Reds,114
Minnesota Twins,114
California Angels,114
San Francisco Giants,114
Pittsburgh Pirates,114
Chicago White Sox,114
California Angels,114
Montreal Expos,114
Kansas City Royals,114
Houston Astros,114
Montreal Expos,114
California Angels,114
Florida Marlins,114
Boston Red Sox,114
Oakland Athletics,113
San Francisco Giants,113
Milwaukee Brewers,113
Chicago Cubs,113
Cleveland Indians,113
Boston Red Sox,113
St. Louis Cardinals,113
Oakland Athletics,113
St. Louis Cardinals,113
Cincinnati Reds,113
San Diego Padres,113
Philadelphia Phillies,113
Boston Red Sox,112
Houston Astros,112
New York Mets,112
Chicago White Sox,112
San Diego Padres,112
Pittsburgh Pirates,112
Philadelphia Phillies,112
Minnesota Twins,112
San Francisco Giants,112
Chicago White Sox,112
Kansas City Royals,112
Texas Rangers,112
St. Louis Browns,112
Washington Senators,112
Philadelphia Athletics,112
Philadelphia Phillies,112
Cleveland Indians,112
Kansas City Athletics,112
Cleveland Indians,112
St. Louis Cardinals,111
Washington Senators,111
New York Giants,111
Philadelphia Athletics,111
Pittsburgh Pirates,111
Seattle Mariners,111
Atlanta Braves,111
Pittsburgh Pirates,111
Minnesota Twins,111
Chicago White Sox,111
New York Yankees,111
Chicago Cubs,111
Texas Rangers,111
Tampa Bay Devil Rays,111
Philadelphia Phillies,111
Minnesota Twins,111
Texas Rangers,110
Pittsburgh Pirates,110
Chicago White Sox,110
Cleveland Indians,110
Pittsburgh Pirates,110
New York Yankees,110
Boston Braves,110
St. Louis Browns,110
Detroit Tigers,110
Cincinnati Reds,110
Brooklyn Dodgers,110
Pittsburgh Pirates,110
Philadelphia Phillies,110
Montreal Expos,110
Pittsburgh Pirates,110
Pittsburgh Pirates,110
Houston Astros,110
Los Angeles Dodgers,110
Los Angeles Dodgers,110
Kansas City Athletics,110
New York Yankees,110
Texas Rangers,110
Chicago Cubs,110
Kansas City Athletics,110
Kansas City Royals,109
Cleveland Indians,109
New York Yankees,109
San Diego Padres,109
Cincinnati Reds,109
St. Louis Cardinals,109
Cleveland Indians,109
St. Louis Cardinals,109
San Diego Padres,109
Boston Red Sox,109
New York Mets,109
Chicago Cubs,109
Oakland Athletics,109
Houston Astros,109
Boston Red Sox,109
Detroit Tigers,109
New York Giants,109
Baltimore Orioles,109
New York Giants,109
St. Louis Cardinals,109
San Diego Padres,109
Seattle Mariners,109
New York Mets,108
Oakland Athletics,108
Chicago White Sox,108
Pittsburgh Pirates,108
St. Louis Cardinals,108
California Angels,108
San Francisco Giants,108
Los Angeles Dodgers,108
Pittsburgh Pirates,108
St. Louis Cardinals,108
Houston Astros,108
Montreal Expos,108
Los Angeles Dodgers,108
Boston Red Sox,108
Baltimore Orioles,108
Detroit Tigers,108
Philadelphia Phillies,108
Detroit Tigers,108
Pittsburgh Pirates,108
New York Yankees,108
Chicago Cubs,107
St. Louis Cardinals,107
Pittsburgh Pirates,107
San Francisco Giants,107
Atlanta Braves,107
Chicago Cubs,107
Cincinnati Reds,107
New York Mets,107
New York Mets,107
Montreal Expos,107
Seattle Mariners,107
St. Louis Cardinals,107
Pittsburgh Pirates,107
Boston Red Sox,106
Philadelphia Phillies,106
Chicago White Sox,106
Pittsburgh Pirates,106
St. Louis Browns,106
Chicago White Sox,106
Detroit Tigers,106
Chicago White Sox,106
Chicago White Sox,106
California Angels,106
Texas Rangers,106
Cleveland Indians,106
Cincinnati Reds,106
Toronto Blue Jays,106
Cincinnati Reds,106
Chicago Cubs,105
New York Mets,105
Houston Colt .45's,105
Minnesota Twins,105
St. Louis Cardinals,105
Minnesota Twins,105
San Francisco Giants,105
St. Louis Cardinals,105
Philadelphia Athletics,105
New York Yankees,105
St. Louis Cardinals,104
Detroit Tigers,104
St. Louis Cardinals,104
Cincinnati Reds,104
New York Yankees,104
Cincinnati Reds,104
Seattle Mariners,104
Milwaukee Brewers,104
Houston Astros,104
Oakland Athletics,104
Chicago Cubs,104
Minnesota Twins,104
Minnesota Twins,103
Philadelphia Phillies,103
Minnesota Twins,103
San Francisco Giants,103
Philadelphia Phillies,103
Boston Red Sox,103
Cleveland Indians,103
Chicago Cubs,103
Cleveland Indians,103
Boston Red Sox,103
Detroit Tigers,103
Boston Braves,103
Philadelphia Phillies,103
Detroit Tigers,103
Boston Beaneaters,103
St. Louis Cardinals,103
New York Yankees,103
Philadelphia Phillies,103
Philadelphia Phillies,103
New York Mets,103
Chicago Cubs,102
Los Angeles Dodgers,102
San Diego Padres,102
Los Angeles Angels,102
Montreal Expos,102
New York Mets,102
Kansas City Royals,102
Montreal Expos,102
St. Louis Cardinals,102
St. Louis Cardinals,102
Philadelphia Athletics,102
Philadelphia Phillies,102
New York Giants,101
Chicago Cubs,101
Cleveland Indians,101
Chicago White Sox,101
Boston Red Sox,101
Boston Braves,101
Brooklyn Dodgers,101
Milwaukee Brewers,101
New York Yankees,101
Philadelphia Phillies,101
New York Mets,101
Detroit Tigers,101
St. Louis Cardinals,101
Kansas City Royals,101
Seattle Mariners,101
Minnesota Twins,100
Montreal Expos,100
Kansas City Royals,100
Kansas City Royals,100
Cleveland Indians,100
Philadelphia Phillies,100
St. Louis Cardinals,100
St. Louis Cardinals,100
Boston Red Sox,100
Philadelphia Athletics,100
New York Yankees,100
New York Yankees,100
Oakland Athletics,100
Cleveland Indians,100
Philadelphia Phillies,100
Toronto Blue Jays,100
St. Louis Cardinals,100
New York Yankees,100
Baltimore Orioles,100
Atlanta Braves,100
Milwaukee Brewers,99
Los Angeles Dodgers,99
Cincinnati Reds,99
San Diego Padres,99
San Diego Padres,99
Texas Rangers,99
Minnesota Twins,99
Philadelphia Phillies,99
Brooklyn Robins,99
Cincinnati Reds,99
Pittsburgh Pirates,99
Chicago Cubs,99
New York Yankees,98
St. Louis Browns,98
Philadelphia Athletics,98
St. Louis Cardinals,98
Philadelphia Athletics,98
Boston Red Sox,98
St. Louis Browns,98
Cincinnati Reds,98
New York Mets,98
Toronto Blue Jays,98
Pittsburgh Pirates,98
Los Angeles Dodgers,98
Kansas City Royals,98
New York Mets,98
Montreal Expos,98
Philadelphia Phillies,98
Kansas City Royals,98
Houston Astros,97
Houston Astros,97
New York Mets,97
Seattle Mariners,97
Kansas City Royals,97
Los Angeles Dodgers,97
New York Yankees,97
California Angels,97
Houston Astros,97
Chicago White Sox,97
St. Louis Cardinals,97
Chicago Cubs,97
New York Giants,97
New York Yankees,96
Chicago Cubs,96
Montreal Expos,96
Milwaukee Brewers,96
New York Mets,96
New York Mets,96
Atlanta Braves,96
San Diego Padres,96
Milwaukee Brewers,96
California Angels,96
St. Louis Cardinals,96
Houston Astros,96
Houston Astros,96
Montreal Expos,95
Pittsburgh Pirates,95
New York Mets,95
Kansas City Royals,95
Miami Marlins,95
Houston Astros,95
California Angels,95
Philadelphia Phillies,95
Los Angeles Angels,95
Kansas City Athletics,95
Toronto Blue Jays,95
St. Louis Cardinals,95
Los Angeles Dodgers,95
Chicago Cubs,95
New York Giants,95
New York Giants,95
New York Yankees,95
Boston Braves,95
Cincinnati Reds,95
St. Louis Cardinals,95
Detroit Tigers,94
Philadelphia Athletics,94
Chicago White Sox,94
Philadelphia Athletics,94
St. Louis Cardinals,94
Philadelphia Phillies,94
St. Louis Cardinals,94
Florida Marlins,94
Philadelphia Phillies,94
Chicago White Sox,94
Florida Marlins,94
San Francisco Giants,94
Houston Astros,94
San Diego Padres,94
Oakland Athletics,94
New York Yankees,94
Montreal Expos,94
Chicago White Sox,94
St. Louis Cardinals,94
Minnesota Twins,93
California Angels,93
San Francisco Giants,93
San Diego Padres,93
San Diego Padres,93
Houston Astros,93
Cleveland Indians,93
New York Yankees,93
Brooklyn Dodgers,93
New York Giants,93
Philadelphia Phillies,93
Chicago White Sox,93
New York Mets,93
San Diego Padres,92
Chicago White Sox,92
California Angels,92
Philadelphia Phillies,92
Chicago Cubs,92
Pittsburgh Pirates,92
Pittsburgh Pirates,92
St. Louis Browns,92
Baltimore Orioles,91
Chicago Cubs,91
St. Louis Cardinals,91
New York Giants,91
Philadelphia Phillies,91
St. Louis Browns,91
St. Louis Browns,91
Brooklyn Dodgers,91
Pittsburgh Pirates,91
San Diego Padres,91
Montreal Expos,91
Los Angeles Dodgers,91
Pittsburgh Pirates,91
Cleveland Indians,91
Chicago White Sox,91
St. Louis Cardinals,90
Boston Red Sox,90
Kansas City Athletics,90
St. Louis Browns,90
Chicago Cubs,90
St. Louis Cardinals,90
Detroit Tigers,90
Philadelphia Athletics,89
Cincinnati Reds,89
Philadelphia Athletics,89
Los Angeles Dodgers,89
Cleveland Indians,89
Kansas City Royals,89
Chicago White Sox,89
Seattle Mariners,89
Montreal Expos,88
California Angels,88
Milwaukee Brewers,88
Baltimore Orioles,88
Milwaukee Brewers,88
New York Mets,88
Detroit Tigers,88
St. Louis Cardinals,88
Philadelphia Phillies,88
Chicago Cubs,88
Cincinnati Reds,88
California Angels,88
St. Louis Cardinals,87
Chicago White Sox,87
Los Angeles Dodgers,87
Baltimore Orioles,87
Chicago Cubs,87
Cincinnati Reds,86
St. Louis Cardinals,86
Pittsburgh Pirates,86
Chicago Cubs,86
Chicago Cubs,86
Boston Red Sox,86
St. Louis Browns,86
Chicago White Sox,86
Washington Senators,86
Cleveland Indians,86
Montreal Expos,86
New York Mets,86
San Francisco Giants,85
Cleveland Indians,85
New York Mets,85
Philadelphia Phillies,85
New York Giants,85
Cleveland Indians,85
Philadelphia Athletics,85
Boston Braves,85
Washington Senators,85
St. Louis Browns,84
St. Louis Cardinals,84
Chicago Cubs,84
Boston Red Sox,84
Houston Astros,84
San Francisco Giants,84
New York Mets,83
St. Louis Cardinals,83
California Angels,83
St. Louis Cardinals,83
St. Louis Cardinals,83
Brooklyn Dodgers,83
Boston Braves,83
Detroit Tigers,82
Philadelphia Athletics,82
New York Giants,82
St. Louis Browns,82
Cincinnati Reds,82
St. Louis Browns,82
Philadelphia Athletics,82
Milwaukee Brewers,82
Los Angeles Dodgers,82
Minnesota Twins,82
Cincinnati Reds,82
Los Angeles Dodgers,82
Atlanta Braves,82
St. Louis Cardinals,81
Minnesota Twins,81
San Diego Padres,81
Montreal Expos,81
New York Mets,81
Washington Senators,81
Washington Senators,81
Philadelphia Phillies,81
Detroit Tigers,81
St. Louis Cardinals,81
New York Giants,81
Chicago White Sox,80
Washington Senators,80
Detroit Tigers,80
Philadelphia Phillies,80
New York Giants,80
Philadelphia Phillies,80
Pittsburgh Pirates,80
Atlanta Braves,80
San Francisco Giants,80
Pittsburgh Pirates,80
Pittsburgh Pirates,80
Kansas City Royals,80
Texas Rangers,80
Chicago White Stockings,80
Philadelphia Phillies,80
Chicago White Stockings,79
Brooklyn Dodgers,79
Cleveland Indians,79
Boston Braves,79
St. Louis Browns,79
Cleveland Indians,79
Houston Astros,79
Houston Astros,79
St. Louis Cardinals,79
Los Angeles Dodgers,79
Los Angeles Dodgers,78
Kansas City Royals,78
California Angels,78
San Diego Padres,78
Detroit Tigers,78
St. Louis Browns,78
Cleveland Indians,78
Brooklyn Dodgers,78
Pittsburgh Pirates,78
Detroit Tigers,77
Detroit Tigers,77
Chicago White Stockings,77
Chicago White Sox,76
Philadelphia Athletics,76
Chicago Cubs,76
Washington Senators,76
Pittsburgh Pirates,76
Pittsburgh Pirates,76
St. Louis Browns,76
St. Louis Cardinals,76
Detroit Tigers,76
New York Giants,75
Philadelphia Phillies,75
Chicago Cubs,75
Philadelphia Phillies,75
St. Louis Browns,75
Boston Braves,75
Cleveland Indians,75
Houston Astros,75
St. Louis Cardinals,75
St. Louis Cardinals,75
San Diego Padres,75
Kansas City Royals,75
Chicago Cubs,74
Cincinnati Reds,74
Chicago White Sox,74
Chicago White Sox,74
Detroit Tigers,74
Houston Astros,74
New York Mets,74
Chicago White Sox,73
St. Louis Cardinals,73
Philadelphia Phillies,73
St. Louis Cardinals,73
St. Louis Cardinals,73
Chicago White Sox,73
Cincinnati Reds,73
New York Giants,73
Cincinnati Reds,73
St. Louis Browns,73
Chicago Cubs,72
Brooklyn Robins,72
Philadelphia Athletics,72
St. Louis Browns,72
Pittsburgh Pirates,72
Cleveland Indians,72
St. Louis Browns,72
Chicago Cubs,72
Los Angeles Dodgers,72
St. Louis Cardinals,71
Chicago White Sox,71
Brooklyn Robins,71
Chicago Cubs,71
Chicago Cubs,71
Cleveland Indians,71
St. Louis Browns,71
Houston Astros,71
Chicago White Sox,71
Houston Colt .45's,70
Kansas City Athletics,70
St. Louis Cardinals,70
Houston Astros,70
Pittsburgh Pirates,70
St. Louis Cardinals,70
St. Louis Cardinals,70
Cleveland Indians,70
Boston Red Sox,69
Chicago Cubs,69
Washington Senators,69
Boston Red Sox,69
Philadelphia Phillies,69
Kansas City Athletics,69
St. Louis Cardinals,68
Boston Braves,68
Philadelphia Athletics,68
St. Louis Browns,67
Boston Bees,67
Chicago White Sox,67
Chicago White Sox,67
St. Louis Cardinals,67
St. Louis Browns,67
St. Louis Browns,67
Chicago Colts,67
Los Angeles Dodgers,67
San Diego Padres,67
St. Louis Cardinals,67
Houston Astros,66
Houston Astros,66
Brooklyn Robins,66
Cincinnati Reds,66
Pittsburgh Pirates,66
Chicago Cubs,66
Boston Braves,66
Chicago Cubs,66
Philadelphia Blue Jays,66
New York Giants,66
Chicago Colts,65
Boston Beaneaters,65
Detroit Tigers,65
Kansas City Royals,65
Cleveland Indians,65
Chicago Cubs,65
Pittsburgh Pirates,65
Cincinnati Reds,65
Philadelphia Phillies,64
Chicago White Sox,64
St. Louis Browns,64
Cincinnati Reds,64
Brooklyn Robins,64
St. Louis Cardinals,64
Philadelphia Phillies,64
San Diego Padres,64
Atlanta Braves,64
Cincinnati Reds,64
St. Louis Cardinals,63
San Francisco Giants,63
California Angels,63
St. Louis Browns,63
St. Louis Cardinals,63
St. Louis Browns,63
Boston Bees,63
St. Louis Browns,63
Philadelphia Athletics,63
Pittsburgh Pirates,63
Chicago White Sox,63
Boston Braves,63
Washington Senators,62
Brooklyn Robins,62
St. Louis Browns,62
Brooklyn Dodgers,62
Detroit Tigers,62
Cleveland Indians,62
Brooklyn Dodgers,62
Philadelphia Phillies,62
Indianapolis Hoosiers,62
Houston Colt .45's,62
Toronto Blue Jays,61
New York Mets,61
Kansas City Royals,61
Boston Braves,61
Philadelphia Athletics,61
Brooklyn Dodgers,61
Washington Senators,61
Philadelphia Athletics,61
Philadelphia Phillies,61
New York Giants,61
Cincinnati Reds,61
Philadelphia Phillies,60
Chicago Colts,60
St. Louis Cardinals,60
Washington Senators,60
St. Louis Cardinals,60
Chicago White Sox,60
Pittsburgh Pirates,60
Pittsburgh Pirates,60
Philadelphia Phillies,60
Pittsburgh Pirates,60
Detroit Tigers,60
Washington Senators,60
Philadelphia Phillies,60
Boston Bees,59
Brooklyn Dodgers,59
Cleveland Indians,59
Brooklyn Robins,59
Washington Senators,59
Chicago Cubs,59
Philadelphia Phillies,58
St. Louis Browns,58
St. Louis Browns,58
St. Louis Cardinals,58
Detroit Tigers,58
Detroit Tigers,57
Boston Red Sox,57
Philadelphia Phillies,57
St. Louis Cardinals,57
Washington Senators,57
Chicago Cubs,57
Brooklyn Dodgers,57
Chicago Cubs,57
New York Mets,57
Texas Rangers,56
Boston Beaneaters,56
Philadelphia Phillies,56
Philadelphia Athletics,56
Washington Senators,56
Brooklyn Dodgers,56
Boston Bees,56
Cincinnati Reds,56
Philadelphia Phillies,56
Chicago Cubs,56
Pittsburgh Pirates,56
Brooklyn Robins,56
Chicago White Sox,55
Brooklyn Dodgers,55
Cleveland Indians,55
Philadelphia Blue Jays,55
Cincinnati Reds,55
St. Louis Browns,55
California Angels,55
Pittsburgh Pirates,55
Washington Senators,55
New York Giants,55
Chicago Colts,55
Philadelphia Athletics,55
Detroit Wolverines,55
Boston Beaneaters,54
Chicago Cubs,54
Chicago White Stockings,54
Boston Reds,54
St. Louis Browns,54
Boston Beaneaters,54
Pittsburgh Pirates,54
Pittsburgh Pirates,54
Baltimore Orioles,54
Detroit Tigers,54
Boston Bees,54
Washington Senators,54
Boston Braves,54
Chicago White Sox,53
Philadelphia Athletics,53
Boston Red Sox,53
Boston Beaneaters,53
Chicago Cubs,53
Chicago White Stockings,53
Detroit Wolverines,53
Boston Beaneaters,53
Chicago Chi-Feds,52
Boston Reds,52
New York Giants,52
Cincinnati Red Stockings,52
Cleveland Indians,52
Pittsburgh Pirates,52
Washington Senators,52
Boston Braves,52
Pittsburgh Pirates,52
Washington Senators,52
Baltimore Orioles,52
Chicago Cubs,52
Pittsburgh Pirates,52
Washington Senators,51
Cincinnati Reds,51
Boston Red Sox,51
Detroit Tigers,51
Detroit Wolverines,51
Philadelphia Phillies,50
Chicago Whales,50
St. Louis Browns,50
Cleveland Indians,50
Washington Senators,50
Cleveland Indians,50
Detroit Tigers,50
Boston Red Sox,50
Boston Red Sox,50
St. Louis Cardinals,50
Texas Rangers,49
Houston Astros,49
Philadelphia Phillies,49
Philadelphia Athletics,49
Pittsburgh Pirates,49
Philadelphia Phillies,49
Washington Senators,49
Pittsburgh Pirates,49
Boston Braves,48
Washington Senators,48
Pittsburgh Pirates,48
St. Louis Browns,48
Pittsburgh Pirates,48
Boston Beaneaters,48
Boston Americans,48
New York Giants,48
Philadelphia Quakers,47
Washington Nationals,47
New York Giants,47
Washington Senators,47
Brooklyn Bridegrooms,47
Washington Senators,47
St. Louis Perfectos,47
Minnesota Twins,47
Cincinnati Reds,47
Boston Red Sox,47
Washington Senators,47
Pittsburgh Pirates,47
Chicago White Sox,47
Washington Senators,47
St. Louis Browns,46
New York Giants,46
Chicago Cubs,46
New York Giants,46
St. Louis Browns,45
Washington Senators,45
Boston Beaneaters,45
Brooklyn Grooms,45
Cincinnati Red Stockings,45
Washington Senators,45
Chicago White Sox,45
New York Yankees,45
Cincinnati Reds,45
Boston Red Sox,45
Cincinnati Reds,45
Houston Astros,45
Cincinnati Reds,44
Philadelphia Quakers,44
Cincinnati Reds,44
Pittsburgh Pirates,44
Pittsburgh Pirates,44
Philadelphia Athletics,44
Philadelphia Phillies,44
Boston Braves,44
Washington Senators,44
Chicago White Sox,43
Washington Senators,43
Cincinnati Reds,43
Detroit Tigers,43
Chicago White Sox,43
Boston Red Sox,43
Chicago Cubs,43
Brooklyn Bridegrooms,43
New York Giants,43
Philadelphia Athletics,43
Philadelphia Phillies,43
Boston Beaneaters,42
Pittsburg Alleghenys,42
Chicago Cubs,42
Louisville Colonels,42
Brooklyn Tip-Tops,42
New York Giants,42
Philadelphia Phillies,42
Boston Americans,42
Brooklyn Grooms,42
Chicago Cubs,42
Chicago White Sox,42
Pittsburgh Pirates,42
Washington Senators,42
Philadelphia Phillies,42
Cleveland Indians,42
Washington Senators,42
Detroit Tigers,41
Cleveland Indians,41
Chicago White Sox,41
Boston Braves,41
Boston Red Sox,41
Pittsburgh Pirates,41
New York Giants,41
Philadelphia Phillies,40
New York Giants,40
Columbus Buckeyes,40
Cincinnati Reds,40
Buffalo Blues,40
Louisville Colonels,40
Louisville Colonels,40
Philadelphia Phillies,40
Brooklyn Robins,40
Philadelphia Phillies,40
Philadelphia Athletics,40
New York Giants,40
Washington Senators,40
Washington Senators,40
Brooklyn Dodgers,39
Brooklyn Robins,39
Boston Braves,39
Pittsburgh Pirates,39
Cleveland Indians,39
St. Louis Browns,39
New York Giants,39
New York Giants,39
Pittsburgh Pirates,39
Buffalo Bisons,39
Boston Beaneaters,39
St. Louis Cardinals,39
Brooklyn Grooms,39
Kansas City Packers,39
Brooklyn Superbas,39
New York Giants,39
Pittsburgh Pirates,38
Cincinnati Reds,38
Chicago Colts,38
Philadelphia Athletics,38
St. Louis Browns,38
Buffalo Buffeds,38
Chicago White Sox,38
Philadelphia Phillies,38
Boston Red Sox,38
Chicago White Sox,37
Brooklyn Dodgers,37
Boston Braves,37
Pittsburgh Pirates,37
Chicago White Sox,37
Chicago White Sox,37
Boston Red Sox,37
Chicago Cubs,37
Boston Rustlers,37
Boston Americans,37
Cincinnati Red Stockings,37
St. Louis Browns,37
Washington Senators,37
Cleveland Spiders,37
Pittsburgh Pirates,37
Louisville Colonels,37
Columbus Solons,36
Washington Senators,36
St. Louis Browns,36
Cincinnati Red Stockings,36
St. Louis Cardinals,36
Boston Beaneaters,36
Boston Beaneaters,36
Cincinnati Reds,36
Washington Senators,36
Baltimore Terrapins,36
Brooklyn Tip-Tops,36
Cincinnati Reds,36
Washington Senators,36
Philadelphia Athletics,36
Detroit Tigers,36
Chicago White Sox,36
Chicago White Sox,36
Cincinnati Reds,35
Chicago White Sox,35
Cleveland Indians,35
Detroit Tigers,35
Philadelphia Athletics,35
Boston Braves,35
New York Yankees,35
Philadelphia Athletics,35
Pittsburgh Burghers,35
Pittsburgh Pirates,35
Philadelphia Athletics,35
Boston Red Sox,35
Boston Braves,35
Boston Beaneaters,34
Chicago Cubs,34
Pittsburgh Pirates,34
Indianapolis Hoosiers,34
Boston Beaneaters,34
Cincinnati Red Stockings,34
Louisville Colonels,34
Brooklyn Ward's Wonders,34
Pittsburgh Rebels,34
Chicago Colts,34
New York Giants,34
Boston Braves,34
Cincinnati Reds,34
Boston Red Sox,34
Cincinnati Reds,34
Cleveland Indians,34
Chicago Cubs,34
Chicago White Sox,33
Boston Red Sox,33
Washington Senators,33
Philadelphia Athletics,33
Boston Braves,33
Philadelphia Athletics,33
Brooklyn Dodgers,33
Baltimore Orioles,33
Baltimore Orioles,33
Cleveland Bronchos,33
Chicago Orphans,33
Washington Senators,33
Philadelphia Phillies,33
Indianapolis Hoosiers,33
Cincinnati Reds,33
Pittsburgh Pirates,33
Indianapolis Hoosiers,33
Philadelphia Athletics,33
St. Louis Cardinals,33
Cincinnati Red Stockings,32
Brooklyn Dodgers,32
Philadelphia Athletics,32
Brooklyn Superbas,32
Chicago White Sox,32
St. Louis Maroons,32
Louisville Colonels,32
Baltimore Orioles,32
Philadelphia Athletics,32
Chicago Colts,32
Cleveland Spiders,32
Boston Braves,32
Baltimore Terrapins,32
New York Giants,32
St. Louis Cardinals,32
Boston Braves,32
Boston Red Sox,32
Boston Braves,32
Cincinnati Reds,32
Washington Senators,32
Cleveland Indians,32
Chicago White Sox,32
San Diego Padres,32
St. Louis Browns,31
Washington Senators,31
New York Giants,31
Philadelphia Athletics,31
Detroit Wolverines,31
Cleveland Naps,31
Rochester Broncos,31
Boston Beaneaters,31
Chicago Pirates,31
Philadelphia Phillies,31
New York Yankees,31
St. Louis Browns,31
New York Giants,31
Brooklyn Robins,31
Baltimore Orioles,31
Boston Doves,31
New York Giants,31
Philadelphia Athletics,31
Baltimore Orioles,30
New York Giants,30
Washington Nationals,30
Detroit Tigers,30
Brooklyn Grooms,30
St. Louis Maroons,30
Baltimore Orioles,30
Philadelphia Athletics,30
New York Giants,30
Boston Red Sox,30
Detroit Tigers,30
Washington Senators,29
Cincinnati Reds,29
St. Louis Browns,29
Pittsburgh Pirates,29
Detroit Tigers,29
Boston Americans,29
Pittsburgh Pirates,29
Boston Red Sox,29
Brooklyn Superbas,29
Cincinnati Reds,29
Philadelphia Athletics,29
Cleveland Spiders,29
Philadelphia Phillies,29
Philadelphia Athletics,29
Detroit Tigers,28
Boston Beaneaters,28
Cincinnati Kelly's Killers,28
Brooklyn Robins,28
Brooklyn Bridegrooms,28
Brooklyn Dodgers,28
Brooklyn Superbas,28
Kansas City Packers,28
Cleveland Spiders,28
Cincinnati Reds,28
Brooklyn Robins,28
Boston Red Sox,28
Boston Red Sox,28
Chicago White Sox,27
Cleveland Indians,27
St. Louis Cardinals,27
Washington Senators,27
Cincinnati Reds,27
Cleveland Infants,27
Pittsburgh Pirates,27
New York Highlanders,27
Chicago Orphans,27
Cincinnati Reds,27
Baltimore Orioles,27
St. Louis Cardinals,27
Cleveland Naps,27
Cincinnati Reds,27
New York Yankees,27
Louisville Colonels,27
Brooklyn Superbas,27
Pittsburgh Pirates,27
Pittsburgh Pirates,26
St. Louis Terriers,26
Chicago Colts,26
Brooklyn Superbas,26
St. Louis Cardinals,26
Cleveland Spiders,26
New York Giants,26
Cincinnati Red Stockings,26
Cincinnati Reds,26
Philadelphia Athletics,26
Cincinnati Outlaw Reds,26
Boston Americans,26
Milwaukee Brewers,26
Washington Senators,26
Pittsburgh Pirates,26
Philadelphia Quakers,26
St. Louis Cardinals,26
Philadelphia Athletics,26
Washington Senators,26
Cleveland Indians,26
Philadelphia Phillies,25
Chicago White Sox,25
Chicago White Sox,25
Brooklyn Robins,25
Boston Braves,25
Boston Beaneaters,25
Chicago White Sox,25
Detroit Tigers,25
Pittsburgh Pirates,25
Brooklyn Superbas,25
St. Louis Cardinals,25
Pittsburgh Pirates,25
Brooklyn Robins,25
Brooklyn Bridegrooms,25
Detroit Tigers,25
Baltimore Orioles,25
Brooklyn Grays,25
New York Highlanders,25
New York Giants,25
Brooklyn Superbas,25
Cleveland Spiders,25
Washington Nationals,25
Detroit Wolverines,25
Pittsburgh Pirates,25
Philadelphia Athletics,24
Brooklyn Bridegrooms,24
Chicago White Sox,24
Boston Beaneaters,24
New York Giants,24
St. Louis Cardinals,24
New York Gothams,24
Baltimore Orioles,24
Philadelphia Athletics,24
Toledo Maumees,24
Pittsburgh Pirates,24
Detroit Tigers,24
Boston Beaneaters,24
Philadelphia Phillies,24
Washington Senators,24
Cleveland Indians,24
Chicago White Sox,24
Boston Braves,24
Boston Braves,23
Detroit Tigers,23
Chicago White Sox,23
Washington Nationals,23
Washington Senators,23
St. Louis Terriers,23
Baltimore Orioles,23
Philadelphia Phillies,23
Brooklyn Grooms,23
New York Giants,23
Philadelphia Phillies,23
New York Giants,23
New York Giants,23
New York Gothams,23
Buffalo Bisons,23
Cincinnati Reds,23
Detroit Tigers,23
New York Highlanders,23
Boston Beaneaters,22
Chicago Cubs,22
Boston Braves,22
New York Metropolitans,22
Detroit Tigers,22
Philadelphia Athletics,22
Boston Doves,22
Washington Senators,22
Cleveland Spiders,22
Cincinnati Reds,22
Philadelphia Athletics,22
Cincinnati Reds,22
Pittsburgh Pirates,22
Philadelphia Phillies,22
Louisville Colonels,22
Boston Braves,22
Washington Senators,22
Chicago White Sox,22
Philadelphia Athletics,22
Boston Red Sox,22
Chicago Cubs,21
Chicago Cubs,21
Cincinnati Reds,21
Cincinnati Reds,21
Providence Grays,21
Philadelphia Athletics,21
Cincinnati Reds,21
Cleveland Spiders,21
New York Metropolitans,21
Cincinnati Reds,21
Philadelphia Phillies,21
New York Metropolitans,21
Providence Grays,21
Philadelphia Athletics,21
Philadelphia Athletics,21
New York Giants,21
Cleveland Naps,20
St. Louis Cardinals,20
St. Louis Cardinals,20
Pittsburg Alleghenys,20
Baltimore Orioles,20
Columbus Solons,20
Pittsburgh Rebels,20
Philadelphia Quakers,20
Cleveland Blues,20
Chicago Cubs,20
St. Louis Browns,20
New York Highlanders,20
New York Giants,20
Chicago Cubs,20
Pittsburg Alleghenys,20
St. Louis Browns,20
Indianapolis Hoosiers,20
Boston Red Sox,20
St. Louis Browns,20
Chicago White Sox,20
Philadelphia Athletics,20
Buffalo Bisons,20
Pittsburgh Pirates,20
Washington Senators,20
Louisville Colonels,20
New York Giants,20
Cleveland Indians,20
Boston Red Caps,20
Cincinnati Reds,20
Boston Red Caps,20
New York Yankees,20
Cincinnati Reds,20
Cincinnati Reds,20
St. Louis Browns,19
Chicago Cubs,19
Baltimore Orioles,19
Kansas City Cowboys,19
Detroit Tigers,19
Philadelphia Athletics,19
Pittsburgh Pirates,19
New York Giants,19
Philadelphia Athletics,19
Boston Reds,19
Brooklyn Superbas,19
Detroit Wolverines,19
Baltimore Orioles,19
Louisville Colonels,19
Kansas City Cowboys,19
Louisville Colonels,19
Detroit Tigers,19
St. Louis Cardinals,19
St. Louis Browns,19
Cincinnati Reds,19
Washington Senators,19
Chicago White Sox,19
Washington Statesmen,19
Detroit Tigers,19
Buffalo Bisons,18
New York Highlanders,18
Cleveland Spiders,18
Louisville Colonels,18
Chicago Orphans,18
Chicago White Sox,18
St. Louis Browns,18
Boston Americans,18
Pittsburgh Pirates,18
Brooklyn Superbas,18
Washington Senators,18
Kansas City Cowboys,18
Cleveland Naps,18
New York Highlanders,18
Chicago Orphans,18
Boston Red Stockings,18
Boston Red Sox,18
Pittsburgh Pirates,18
Pittsburg Alleghenys,18
Cincinnati Reds,18
New York Metropolitans,18
Cleveland Naps,18
St. Louis Cardinals,18
Cincinnati Reds,18
Boston Red Sox,17
Pittsburgh Pirates,17
Louisville Eclipse,17
Boston Red Sox,17
Washington Senators,17
New York Highlanders,17
Philadelphia Athletics,17
Brooklyn Bridegrooms,17
St. Louis Browns,17
Boston Beaneaters,17
Boston Braves,17
Baltimore Monumentals,17
Detroit Wolverines,17
Chicago White Sox,17
Louisville Colonels,17
Detroit Tigers,17
St. Louis Cardinals,17
St. Louis Browns,17
St. Louis Browns,17
Newark Pepper,17
Baltimore Orioles,17
Chicago Cubs,17
Boston Doves,17
Baltimore Orioles,17
Chicago White Sox,17
Cleveland Spiders,16
Brooklyn Grays,16
Cincinnati Reds,16
Cleveland Indians,16
Philadelphia Athletics,16
New York Giants,16
Washington Senators,16
New York Highlanders,16
Philadelphia Phillies,16
St. Louis Browns,16
Brooklyn Superbas,16
Brooklyn Atlantics,16
Cleveland Naps,16
Philadelphia Quakers,16
Cincinnati Reds,16
Boston Beaneaters,16
Pittsburg Alleghenys,16
Columbus Solons,16
Worcester Ruby Legs,16
Cleveland Blues,16
Boston Braves,16
Pittsburgh Pirates,16
Pittsburgh Pirates,15
Boston Red Sox,15
St. Louis Browns,15
Cincinnati Reds,15
Boston Doves,15
Cincinnati Reds,15
New York Highlanders,15
St. Louis Cardinals,15
St. Louis Cardinals,15
Cincinnati Reds,15
New York Giants,15
St. Louis Cardinals,15
Brooklyn Superbas,15
Louisville Colonels,15
Boston Red Caps,15
Columbus Buckeyes,15
Pittsburgh Pirates,15
Chicago White Stockings,15
Brooklyn Superbas,15
Boston Red Stockings,14
Chicago White Sox,14
Syracuse Stars,14
Boston Red Sox,14
Brooklyn Robins,14
Cincinnati Reds,14
Pittsburgh Pirates,14
Boston Red Sox,14
Chicago White Sox,14
Boston Beaneaters,14
Boston Red Sox,14
Cincinnati Reds,14
Boston Red Sox,14
Philadelphia Quakers,14
Louisville Eclipse,14
Baltimore Canaries,14
Chicago White Sox,14
Brooklyn Grays,14
St. Louis Browns,14
Louisville Colonels,14
Pittsburg Alleghenys,14
Cleveland Blues,14
Cincinnati Reds,13
St. Louis Browns,13
Pittsburg Alleghenys,13
New York Highlanders,13
Detroit Wolverines,13
Milwaukee Brewers,13
Chicago White Stockings,13
Brooklyn Gladiators,13
Boston Red Stockings,13
Chicago Cubs,13
Detroit Tigers,13
Boston Americans,13
Cleveland Indians,13
Detroit Tigers,13
New York Giants,13
Boston Braves,13
Buffalo Bisons,12
Philadelphia Phillies,12
Chicago White Stockings,12
Cleveland Blues,12
St. Louis Browns,12
Cleveland Naps,12
Cleveland Naps,12
Philadelphia Phillies,12
Washington Senators,12
Troy Trojans,12
St. Louis Browns,12
Chicago Cubs,12
Detroit Tigers,12
Philadelphia Phillies,12
Baltimore Orioles,12
New York Yankees,12
Philadelphia Phillies,12
Cleveland Blues,12
Washington Senators,12
Washington Senators,12
Baltimore Canaries,12
Pittsburgh Pirates,12
Cleveland Spiders,12
Providence Grays,12
St. Louis Browns,11
Detroit Tigers,11
Chicago White Sox,11
Cleveland Naps,11
Philadelphia Phillies,11
Providence Grays,11
Detroit Tigers,11
Providence Grays,11
St. Louis Brown Stockings,11
Chicago White Stockings,10
Philadelphia Athletics,10
Cleveland Naps,10
Chicago/Pittsburgh (Union League),10
St. Louis Browns,10
Cleveland Naps,10
St. Louis Browns,10
St. Louis Browns,10
St. Louis Browns,10
Washington Senators,10
St. Louis Cardinals,10
St. Louis Cardinals,10
Detroit Tigers,10
Brooklyn Robins,10
Cleveland Indians,9
Pittsburgh Pirates,9
Louisville Eclipse,9
Chicago Cubs,9
Boston Red Caps,9
Louisville Grays,9
Washington Senators,9
Philadelphia Athletics,9
Washington Senators,9
Cleveland Naps,9
Baltimore Orioles,8
Washington Senators,8
Cincinnati Reds,8
Worcester Ruby Legs,8
Providence Grays,8
New York Yankees,8
Providence Grays,8
Philadelphia Whites,8
New York Mutuals,8
New York Giants,8
Chicago White Stockings,8
St. Louis Maroons,8
Toledo Blue Stockings,8
Cleveland Blues,8
St. Louis Cardinals,8
Buffalo Bisons,8
Chicago White Sox,8
St. Louis Browns,7
Philadelphia Athletics,7
Chicago White Sox,7
Chicago White Sox,7
Philadelphia Keystones,7
Boston Red Stockings,7
Worcester Ruby Legs,7
Richmond Virginians,7
Cleveland Blues,7
Cleveland Forest Citys,7
Cleveland Blues,7
New York Mutuals,7
Cincinnati Reds,7
Kansas City Cowboys,6
Philadelphia Athletics,6
Cincinnati Reds,6
Troy Haymakers,6
Louisville Grays,6
New York Metropolitans,6
Chicago Orphans,6
Brooklyn Atlantics,6
Washington Olympics,6
Providence Grays,6
Washington Nationals,6
Troy Trojans,5
Pittsburg Alleghenys,5
Cincinnati Red Stockings,5
Troy Trojans,5
Boston Red Caps,5
Chicago White Sox,5
Syracuse Stars,5
Philadelphia Phillies,5
New York Mutuals,5
Philadelphia Whites,5
Baltimore Orioles,5
Troy Haymakers,5
Philadelphia Athletics,5
Cincinnati Reds,5
St. Louis Browns,5
Washington Senators,4
Washington Senators,4
New York Mutuals,4
Philadelphia Athletics,4
Hartford Dark Blues,4
Chicago White Stockings,4
Boston Red Caps,4
Chicago White Sox,4
Baltimore Orioles,4
Philadelphia Athletics,4
Troy Trojans,4
Washington Nationals,4
Cincinnati Reds,4
Cleveland Blues,4
Buffalo Bisons,3
Chicago White Stockings,3
Chicago White Stockings,3
Washington Blue Legs,3
Philadelphia Whites,3
Philadelphia Quakers,3
Boston Red Stockings,3
Indianapolis Blues,3
Chicago White Sox,3
Rockford Forest Citys,3
Chicago White Stockings,3
Buffalo Bisons,2
Pittsburg Alleghenys,2
Milwaukee Grays,2
Baltimore Orioles,2
Wilmington Quicksteps,2
Altoona Mountain City,2
Fort Wayne Kekiongas,2
New York Mutuals,2
Hartford Dark Blues,2
Hartford Dark Blues,2
St. Louis Brown Stockings,2
New Haven Elm Citys,2
Hartford Dark Blues,2
Brooklyn Atlantics,2
Boston Red Caps,2
New York Mutuals,1
Baltimore Canaries,1
Brooklyn Atlantics,1
St. Louis Brown Stockings,1
Middletown Mansfields,1
Philadelphia Centennials,0
Brooklyn Atlantics,0
St. Louis Red Stockings,0
Milwaukee Brewers,0
St. Louis Brown Stockings,0
St. Paul White Caps,0
Keokuk Westerns,0
Baltimore Marylands,0
Washington Nationals,0
Washington Olympics,0
Chicago White Stockings,0
Washington Nationals,0
Chicago White Stockings,0
Elizabeth Resolutes,0
Brooklyn Eckfords,0
Cleveland Forest Citys,0
